onset	duration	sample	trial_type	response_time	stim_file	value
-0.0005000000	4941.0000000000	-0.5	STATUS	n/a	n/a	boundary
302.7790000000	1.0000000000	302779	STATUS	n/a	n/a	eyes opened
302.9390000000	1.0000000000	302939	STATUS	n/a	n/a	eyes opened
